1,0000000000000000000000000000000000000000000000000000000000000000,1231006505,01000000010000000000000000000000000000000000000000000000000000000000000000ffffffff4d04ffff001d0104455468652054696d65732030332f4a616e2f32303039204368616e63656c6c6f72206f6e206272696e6b206f66207365636f6e64206261696c6f757420666f722062616e6b73ffffffff0100f2052a01000000434104678afdb0fe5548271967f1a67130b7105cd6a828e03909a67962e0ea1f61deb649f6bc3f4cef38c4f35504e51ec112de5c384df7ba0b8d578a4c702b6bf11d5fac00000000
1,000000000019d6689c085ae165831e934ff763ae46a2a6c172b3f1b60a8ce26f,1231469665,01000000010000000000000000000000000000000000000000000000000000000000000000ffffffff0704ffff001d0104ffffffff0100f2052a0100000043410496b538e853519c726a2c91e61ec11600ae1390813a627c66fb8be7947be63c52da7589379515d4e0a604f8141781e62294721166bf621e73a82cbf2342c858eeac00000000
1,00000000839a8e6886ab5951d76f411475428afc90947ee320161bbf18eb6048,1231469744,01000000010000000000000000000000000000000000000000000000000000000000000000ffffffff0704ffff001d010bffffffff0100f2052a010000004341047211a824f55b505228e4c3d5194c1fcfaa15a456abdf37f9b9d97a4040afc073dee6c89064984f03385237d92167c13e236446b417ab79a0fcae412ae3316b77ac00000000
1,000000006a625f06636b8bb6ac7b960a8d03705d1ace08b1a19da3fdcc99ddbd,1231470173,01000000010000000000000000000000000000000000000000000000000000000000000000ffffffff0704ffff001d010effffffff0100f2052a0100000043410494b9d3e76c5b1629ecf97fff95d7a4bbdac87cc26099ada28066c6ff1eb9191223cd897194a08d0c2726c5747f1db49e8cf90e75dc3e3550ae9b30086f3cd5aaac00000000
1,0000000082b5015589a3fdf2d4baff403e6f0be035a5d9742c1cae6295464449,1231470988,01000000010000000000000000000000000000000000000000000000000000000000000000ffffffff0704ffff001d011affffffff0100f2052a01000000434104184f32b212815c6e522e66686324030ff7e5bf08efb21f8b00614fb7690e19131dd31304c54f37baa40db231c918106bb9fd43373e37ae31a0befc6ecaefb867ac00000000
1,000000004ebadb55ee9096c9a2f8880e09da59c0d68b1c228da88e48844a1485,1231471428,01000000010000000000000000000000000000000000000000000000000000000000000000ffffffff0704ffff001d0120ffffffff0100f2052a0100000043410456579536d150fbce94ee62b47db2ca43af0a730a0467ba55c79e2a7ec9ce4ad297e35cdbb8e42a4643a60eef7c9abee2f5822f86b1da242d9c2301c431facfd8ac00000000
1,000000009b7262315dbf071787ad3656097b892abffd1f95a1a022f896f533fc,1231471789,01000000010000000000000000000000000000000000000000000000000000000000000000ffffffff0704ffff001d0123ffffffff0100f2052a0100000043410408ce279174b34c077c7b2043e3f3d45a588b85ef4ca466740f848ead7fb498f0a795c982552fdfa41616a7c0333a269d62108588e260fd5a48ac8e4dbf49e2bcac00000000
1,000000003031a0e73735690c5a1ff2a4be82553b2a12b776fbd3a215dc8f778d,1231472369,01000000010000000000000000000000000000000000000000000000000000000000000000ffffffff0704ffff001d012bffffffff0100f2052a01000000434104a59e64c774923d003fae7491b2a7f75d6b7aa3f35606a8ff1cf06cd3317d16a41aa16928b1df1f631f31f28c7da35d4edad3603adb2338c4d4dd268f31530555ac00000000
1,0000000071966c2b1d065fd446b1e485b2c9d9594acd2007ccbd5441cfc89444,1231472743,01000000010000000000000000000000000000000000000000000000000000000000000000ffffffff0704ffff001d012cffffffff0100f2052a01000000434104cc8d85f5e7933cb18f13b97d165e1189c1fb3e9c98b0dd5446b2a1989883ff9e740a8a75da99cc59a21016caf7a7afd3e4e9e7952983e18d1ff70529d62e0ba1ac00000000
1,00000000408c48f847aa786c2268fc3e6ec2af68e8468a34a28c61b7f1de0dc6,1231473279,01000000010000000000000000000000000000000000000000000000000000000000000000ffffffff0704ffff001d0134ffffffff0100f2052a0100000043410411db93e1dcdb8a016b49840f8c53bc1eb68a382e97b1482ecad7b148a6909a5cb2e0eaddfb84ccf9744464f82e160bfa9b8b64f9d4c03f999b8643f656b412a3ac00000000
1,000000008d9dc510f23c2657fc4f67bea30078cc05a90eb89e84cc475c080805,1231473952,01000000010000000000000000000000000000000000000000000000000000000000000000ffffffff0704ffff001d0136ffffffff0100f2052a01000000434104fcc2888ca91cf0103d8c5797c256bf976e81f280205d002d85b9b622ed1a6f820866c7b5fe12285cfa78c035355d752fc94a398b67597dc4fbb5b386816425ddac00000000
1,000000002c05cc2e78923c34df87fd108b22221ac6076c18f3ade378a4d915e9,1231474360,01000000010000000000000000000000000000000000000000000000000000000000000000ffffffff0704ffff001d013bffffffff0100f2052a010000004341046cc86ddcd0860b7cef16cbaad7fe31fda1bf073c25cb833fa9e409e7f51e296f39b653a9c8040a2f967319ff37cf14b0991b86173462a2d5907cb6c5648b5b76ac00000000
1,0000000097be56d606cdd9c54b04d4747e957d3608abe69198c661f2add73073,1231474888,01000000010000000000000000000000000000000000000000000000000000000000000000ffffffff0704ffff001d010cffffffff0100f2052a0100000043410478ebe2c28660cd2fa1ba17cc04e58d6312679005a7cad1fd56a7b7f4630bd700bcdb84a888a43fe1a2738ea1f3d2301d02faef357e8a5c35a706e4ae0352a6adac00000000
1,0000000027c2488e2510d1acf4369787784fa20ee084c258b58d9fbd43802b5e,1231475020,01000000010000000000000000000000000000000000000000000000000000000000000000ffffffff0704ffff001d013cffffffff0100f2052a01000000434104c5a68f5fa2192b215016c5dfb384399a39474165eea22603cd39780e653baad9106e36947a1ba3ad5d3789c5cead18a38a538a7d834a8a2b9f0ea946fb4e6f68ac00000000
1,000000005c51de2031a895adc145ee2242e919a01c6d61fb222a54a54b4d3089,1231475589,01000000010000000000000000000000000000000000000000000000000000000000000000ffffffff0704ffff001d013effffffff0100f2052a010000004341043e8ac6b8ea64e85928b6469f17db0096de0bcae7d09a4497413d9bba49c00ffdf9cb0ce07c404784928b3976f0beea42fe2691a8f0430bcb2b0daaf5aa02b30eac00000000
1,0000000080f17a0c5a67f663a9bc9969eb37e81666d9321125f0e293656f8a37,1231562746,01000000010000000000000000000000000000000000000000000000000000000000000000ffffffff0704ffff001d010affffffff0100f2052a01000000434104e0041b4b4d9b6feb7221803a35d997efada6e2b5d24f5fc7205f2ea6b62a1adc9983a7a7dab7e93ea791bed5928e7a32286fa4facadd16313b75b467aea77499ac00000000
1,00000000b3322c8c3ef7d2cf6da009a776e6a99ee65ec5a32f3f345712238473,1231562758,01000000010000000000000000000000000000000000000000000000000000000000000000ffffffff0704ffff001d010bffffffff0100f2052a01000000434104977367164ca24f1f2de2e2cfb9e5c3f22d510d3f33683de200283100af0c8667dba7e4e389fa9953c6cb83d6ea72990e139f529b58cfbbac27607a28207b2a37ac00000000
1,00000000174a25bb399b009cc8deff1c4b3ea84df7e93affaaf60dc3416cc4f5,1231563791,01000000010000000000000000000000000000000000000000000000000000000000000000ffffffff0704ffff001d010dffffffff0100f2052a010000004341045ca3b93e90fe9785734e07c8e564fd72a0d68a200bf907ee01dabab784ad5817f59a41f4f7e04edc3e9b80cc370c281b0f406eb58187664bdf93decc5bb63264ac00000000
1,000000003ff1d0d70147acfbef5d6a87460ff5bcfce807c2d5b6f0a66bfdf809,1231564334,01000000010000000000000000000000000000000000000000000000000000000000000000ffffffff0704ffff001d0112ffffffff0100f2052a01000000434104cf37a46b304e4dad17e081361502d0eff20af2b1360c7b18392a29f9f08ae5a95aa24f859533dabbc8585598bf8c5c71c0e8d89d3655889aee8c49fd948f59feac00000000
1,000000008693e98cf893e4c85a446b410bb4dfa129bd1be582c09ed3f0261116,1231564974,01000000010000000000000000000000000000000000000000000000000000000000000000ffffffff0704ffff001d0116ffffffff0100f2052a01000000434104f5efde0c2d30ab28e3dbe804c1a4aaf13066f9b198a4159c76f8f79b3b20caf99f7c979ed6c71481061277a6fc8666977c249da99960c97c8d8714fda9f0e883ac00000000
1,00000000841cb802ca97cf20fb9470480cae9e5daa5d06b4a18ae2d5dd7f186f,1231565995,01000000010000000000000000000000000000000000000000000000000000000000000000ffffffff0704ffff001d0120ffffffff0100f2052a0100000043410408ab2f56361f83064e4ce51acc291fb57c2cbcdb1d6562f6278c43a1406b548fd6cefc11bcc29eb620d5861cb9ed69dc39f2422f54b06a8af4f78c8276cfdc6bac00000000
1,0000000067a97a2a37b8f190a17f0221e9c3f4fa824ddffdc2e205eae834c8d7,1231566553,01000000010000000000000000000000000000000000000000000000000000000000000000ffffffff0704ffff001d0125ffffffff0100f2052a010000004341042b08ebb6ada0057e47a125d0a2e99dd2b86c201d41aaf7aa295c625c2c2f1997a8bc6cb9dbda889669989b8d12804c400168e54b093ad05d1170c516abca7d28ac00000000
1,000000006f016342d1275be946166cff975c8b27542de70a7113ac6d1ef3294f,1231567467,01000000010000000000000000000000000000000000000000000000000000000000000000ffffffff0704ffff001d0130ffffffff0100f2052a01000000434104aef905809d1004da2b0187dd5198e0f5b11ab291230cdcd9606bbc99acd15bc91f951de6307f5adae03f2e18d523ec8778e7d8e9b7c24ba282c8eaa9bcded840ac00000000
1,0000000098b58d427a10c860335a21c1a9a7639e96c3d6f1a03d8c8c885b5e3b,1231567611,01000000010000000000000000000000000000000000000000000000000000000000000000ffffffff0704ffff001d0131ffffffff0100f2052a010000004341041a24b5639c12b2b0a612011eb780a682020b6312782fef0bc29a75eee7cf66abd081121a0b7b5c3076e055648379c25ed52eff8d2b11871e5a7e0c8604f4053fac00000000
1,000000000cd339982e556dfffa9de94744a4135c53eeef15b7bcc9bdeb9c2182,1231568277,01000000010000000000000000000000000000000000000000000000000000000000000000ffffffff0704ffff001d013fffffffff0100f2052a010000004341049523af765da5408d0a4f9d33af2e103c57b8b31877969173e7a7c313bf09a9803dcceec9b29d0fab4737173e3cb6dcc11ab7f233d8b1d715748ca4d715770ac3ac00000000
1,00000000fc051fbbce89a487e811a5d4319d209785ea4f4b27fc83770d1e415f,1231568646,01000000010000000000000000000000000000000000000000000000000000000000000000ffffffff0704ffff001d0141ffffffff0100f2052a01000000434104bff063a080c07aa9d8e7038c9d1bd7e5076fc28dd3e905b76517ad958e9df65e83abefcdbdcd7310231aaaf16a53e9bc24598826a3291e5dab338675618e7f12ac00000000
1,000000008e35a1d59ea1be8d76683662f47fd13c62a9e347ad5845a26f762026,1231570450,01000000010000000000000000000000000000000000000000000000000000000000000000ffffffff0704ffff001d0105ffffffff0100f2052a010000004341040baf81984793a57324f886d6a9a040513258dc310fd95e66955f9890d51a4efcc9d5bf69da30be69e16e426770b9927c18d0a06c610c6d7ebfbc6a59023a4ad0ac00000000
1,0000000041438e52d25bccab8798a92cabafdaad69a071d3d2a41718faf01098,1231570573,01000000010000000000000000000000000000000000000000000000000000000000000000ffffffff0704ffff001d0110ffffffff0100f2052a01000000434104a43f4de451f220ee2606ed79883797000e57a17ad8d418eb2de21339a045fd1e399953a0b9474b2e1fa510696c1eb4812dcd0ea4fda1932344bbd914f52e4e2fac00000000
1,0000000071350772f98f84babf35502b33d42ee8466d3dde0f376c4120352081,1231601457,01000000010000000000000000000000000000000000000000000000000000000000000000ffffffff0704ffff001d0109ffffffff0100f2052a01000000434104d3a4fd2722f5754102b96cd8b8ec7ea870c10ed5363290b8ac92eaf6b1202a569ed95ed4957c644df7fc0794774b03bf9f63baf7a55cde9e5076774f67987b34ac00000000
1,00000000bb0d9430d3d1bab474be5050342161efcca9f7e45b151bff9a700944,1231601503,01000000010000000000000000000000000000000000000000000000000000000000000000ffffffff0704ffff001d010dffffffff0100f2052a010000004341048e2c3ad3142a375ee969eccb3e14470971d898bc67077f28293245b97afbc509d180829f4cd419c208c8302728dd51a6d88392fb30a09d3ec27dd23fb2346d03ac00000000
1,00000000c57a1b6351208c592eef8eff015d93c899a047fe35b35252a4a59bcb,1231602122,01000000010000000000000000000000000000000000000000000000000000000000000000ffffffff0704ffff001d0121ffffffff0100f2052a010000004341042cf59fafd089a348c5834283573608e89a305c60a034604c7d22dde50998f1b9bb74681986ca1884a6b1df8ce7f1b79a2277057de855a634626e7a5851c1e716ac00000000
1,00000000bc919cfb64f62de736d55cf79e3d535b474ace256b4fbb56073f64db,1231602736,01000000010000000000000000000000000000000000000000000000000000000000000000ffffffff0704ffff001d0129ffffffff0100f2052a01000000434104c26035a5e1e1db8b18043d1b31cef10a8fe6f58757e2b3e5147154df627ae020f39720adc9a623857db379217063896ef28ea6b8a0a43e7f1bec4a36dc68185cac00000000
1,000000009700ff3494f215c412cd8c0ceabf1deb0df03ce39bcfc223b769d3c4,1231603171,01000000010000000000000000000000000000000000000000000000000000000000000000ffffffff0704ffff001d0136ffffffff0100f2052a01000000434104b949980bb46aee11510519b4af0dfcc3cc7464b3ede15f184b7c8126a98bf6d6e698eaf16b938814174a002ba24daa03e59a7c0927248517b581c09ec70f216eac00000000
1,00000000e5cb7c6c273547b0c9421b01e23310ed83f934b96270f35a4d66f6e3,1231603939,01000000010000000000000000000000000000000000000000000000000000000000000000ffffffff0704ffff001d0138ffffffff0100f2052a01000000434104804d71f6a91c908a973cae7ef4363f7689520116b995d6936328de00be56f92baee0dabf3a240e0ed2dce7f374f12cbba7649808528236cb04c558f028dd61edac00000000
1,00000000a87073ea3d7af299e02a434598b9c92094afa552e0711afcc0857962,1231604338,01000000010000000000000000000000000000000000000000000000000000000000000000ffffffff0704ffff001d0147ffffffff0100f2052a01000000434104180bfa57bff462c7641fa0b91efe29344a77086b073cd9c5f769cb2393acc151a4e7377eaabacc39f5b2bd2cd4bcb5ed1855939619e491c79c0bb5793d4edbf3ac00000000
1,00000000a73fb23b6c42b18b3253ed29c5d0c80d84624efa12c2cf05c4b4318f,1231605153,01000000010000000000000000000000000000000000000000000000000000000000000000ffffffff0704ffff001d014dffffffff0100f2052a01000000434104bb31566291ceb63ed600b0c29d6825d7924e73c265abac43fa088ad3e1a477c6fd15373fc40229cc895732d4175f6db615e4a2b6e9411e92974b6923d7985518ac00000000
1,00000000b572a465b4e816420d47a16274557b3573b7924b64808a82c7322d9b,1231605789,01000000010000000000000000000000000000000000000000000000000000000000000000ffffffff0704ffff001d0150ffffffff0100f2052a01000000434104ce29c26fb59eadf6b9b38a3e7f52646877bcdcd7b5f290a47a7a61668bda2c82c8f13f66e8665cfe7594d7da51f431df4df2f60df08ecfd53d2f2d076b4bc24eac00000000
1,00000000f824d643f525b4904ea25c92174b8499435f388549a1700f4d3244de,1231606762,01000000010000000000000000000000000000000000000000000000000000000000000000ffffffff0704ffff001d0157ffffffff0100f2052a01000000434104655798e5ce83da2f24955e16396846528d919c223c9c2945b211b722d55a85ccb8930066eaf34c501ac37c4d41c8e579ccc00f54d5a5f1b3c27de525ece5a5d5ac00000000
1,00000000ddd96d128e122d1179034ff66c27dc583eb9e8996a0b1779c60c6f86,1231607488,01000000010000000000000000000000000000000000000000000000000000000000000000ffffffff0704ffff001d0107ffffffff0100f2052a010000004341046312c744cb65614769150309590257c89cf5d2ee4f048e5a944fa50c768d205ee6083314a55d8b3f9caff539758c13a8f73be4aac6a6e8c5a917dc670e042f11ac00000000
1,000000007c19ee8e924d3024d58efff50f872aadf256140bb1e3d62fea4fd6dd,1231607511,01000000010000000000000000000000000000000000000000000000000000000000000000ffffffff0704ffff001d0109ffffffff0100f2052a010000004341046154d4ed678ddf5fbb9e09ef7d1cf3a8053f5a09fc89303d150d4e715bc691b240c93729cd412d707c48f7bafe41db684c2f9a39aa5995786827e9ed4d185e36ac00000000
1,000000005665d506f6c3ccb5fd98624f9816a8a169f1d2327d1d4d6d3262ad12,1231608208,01000000010000000000000000000000000000000000000000000000000000000000000000ffffffff0704ffff001d010effffffff0100f2052a0100000043410427df882a156b4c29a4d05eec8d0c4b53f976f7e0ee2639dc8cbb6327451b8cf0957abb3418696243f392e73b586ea4b074e5bdc856a234c9e174615e3bbcea24ac00000000
1,00000000b2f01f399bf503e55f25a1aa51067056d2eb81915cb91976968b69aa,1231608903,01000000010000000000000000000000000000000000000000000000000000000000000000ffffffff0704ffff001d0112ffffffff0100f2052a01000000434104a449ee292e46745b6e8e350a04777ee938f151af438a6b80c2fb86a65e71e6a677897ef1f8e997dcddc024d92639620e09021710ae3076836c90f3fa2fcdedd3ac00000000
1,00000000ad2b48c7032b6d7d4f2e19e54d79b1c159f5599056492f2cd7bb528b,1231609153,01000000010000000000000000000000000000000000000000000000000000000000000000ffffffff0704ffff001d0115ffffffff0100f2052a01000000434104462b00d67b254e4b10de6fe0b277b6a34f2438758fc5fc2c18c5b53e9352322b94d2be6ca5a2557ebf55905f7dc6cca699162b0faf919754b5ca369d31d0bb31ac00000000
1,00000000314e90489514c787d615cea50003af2023796ccdd085b6bcc1fa28f5,1231609477,01000000010000000000000000000000000000000000000000000000000000000000000000ffffffff0704ffff001d0116ffffffff0100f2052a0100000043410492ade9a7a1fde25016c02d223e2f1c501d2af11b492e0a3f0cd617a01798c5f5eabd9d5957a7b2d66d1b42f688a6fd5d2bc60ad0d7a00f6006fc4838fb4c248aac00000000
1,00000000ac21f2862aaab177fd3c5c8b395de842f84d88c9cf3420b2d393e550,1231610361,01000000010000000000000000000000000000000000000000000000000000000000000000ffffffff0704ffff001d011effffffff0100f2052a01000000434104c9eb99d7bbbd9acfab695c8aa8b931beb43292f2fecdc19d7e687b524d2e2c8a9d167f9be930634adae005424b441a9de8e8c15d8b2462661eb78418a8aba662ac00000000
1,000000002978eecde8d020f7f057083bc990002fff495121d7dc1c26d00c00f8,1231611068,01000000010000000000000000000000000000000000000000000000000000000000000000ffffffff0704ffff001d0121ffffffff0100f2052a01000000434104e049e5c6fb83743c8ef0a640cc82ea14191026643e3e2a1c84edf168bb9690f3c201d04a30c8609aa9406c1eb565e1b9fa218317da5177060de158f25ccc879dac00000000
1,000000009189006e461d2f4037a819d00217412ac01900ddbf09461100b836bb,1231611793,01000000010000000000000000000000000000000000000000000000000000000000000000ffffffff0704ffff001d0124ffffffff0100f2052a01000000434104da82f7361830281e40cf9a8fbc5fea33f35d52ef06b7a72e4b12665374f843839f4a7ad2021e07377c58eb14cc1d01d2017a38281910b6935182cff99930dd8bac00000000
1,0000000002d5f429a2e3a9d9f82b777469696deb64038803c87833aa8ee9c08e,1231612888,01000000010000000000000000000000000000000000000000000000000000000000000000ffffffff0704ffff001d0130ffffffff0100f2052a01000000434104a4a43c49a491bcad58a1578ddeed00ee13ac58c33a4d50fdb0b06d2ca97b6791097e127f9a4fe2d8f952b2420ef82c669c84d3e65d4fce257d707ec214562c29ac00000000
1,000000001a5c4531f86aa874e711e1882038336e2610f70ce750cdd690c57a81,1231613140,01000000010000000000000000000000000000000000000000000000000000000000000000ffffffff0704ffff001d0137ffffffff0100f2052a0100000043410455f09e54cc544e9f61d0394db1bec90c30ea89c88c554196ebb68e9c8e02c5ea7f3291521dddb44abee835ed376152f04039634ae7af2b5ef2587776348d0b34ac00000000
1,0000000088960278f4060b8747027b2aac0eb443aedbb1b75d1a72cf71826e89,1231613802,01000000010000000000000000000000000000000000000000000000000000000000000000ffffffff0704ffff001d013affffffff0100f2052a010000004341048644947f13359243d46be6436fb04bc20f92c1ed34b9548b31838bdb5ef721da70c360f2a8886e47addf7b3f87142b5245d95c9bbd6e36f43055998174db8417ac00000000
1,00000000f067c09041ff0fcee3d91aeb7fbcc5654d3f766af2b4377aaee68d00,1231614698,01000000010000000000000000000000000000000000000000000000000000000000000000ffffffff0704ffff001d013fffffffff0100f2052a010000004341041ada81ea00c11098d2f52c20d5aa9f5ba13f9b583fda66f2a478dd7d95a7ab615159d98b63df2e6f3ecb3ef9eda138e4587e7afd31e7f434cbb6837e17feb0c5ac00000000
1,0000000026f34d197f653c5e80cb805e40612eadb0f45d00d7ea4164a20faa33,1231615503,01000000010000000000000000000000000000000000000000000000000000000000000000ffffffff0704ffff001d0144ffffffff0100f2052a010000004341043cba05459e89a46f9f3ef8e01d07ccd4ce9fc2bb35a6508419c98883230374ce1c5e177efb612f30842cd699d1aeaeda61e720592d0518db0f9c2b9de9a2cea1ac00000000
1,000000001c511e00d1e6825c912988a3695ab2758fdbb6c7ee58da1da4fb2d63,1231616363,01000000010000000000000000000000000000000000000000000000000000000000000000ffffffff0704ffff001d0156ffffffff0100f2052a010000004341045c1f2f8b3f3e51ff51a7230dcc4c0983986a8aecb1751242dd62a0cadb653b90c2636ed13fb479f80f805ba462c08ddc2863367932b9615046adbecc1443af60ac00000000
1,00000000d6c655f23e71b4210ae3c5d931d76257093ab1e5ced88c52739296b5,1231617190,01000000010000000000000000000000000000000000000000000000000000000000000000ffffffff0704ffff001d0161ffffffff0100f2052a01000000434104cad6127556bbeb5753c0e9a0c13787a7f7d4773c1544651072c8a17c5d68d47974b6ae5118344b268ecb52d164917cd9db6cecdcb4e6be44aaf302abd81985caac00000000
1,00000000fcde3f3306f4167634b51e24414900d7539cb4237f3f060cf26fba05,1231617386,01000000010000000000000000000000000000000000000000000000000000000000000000ffffffff0704ffff001d0162ffffffff0100f2052a010000004341041ef7071c442fef11b695edb2c555bdc14ab797683e709695775e356f8a016969507842c8071353c33ad5d169959712be1cd2ee5db9e2b84769b5b9541b6486feac00000000
1,000000004ee00fc37a68592cf22415b37e6618227249fe308d0703cca1dd745b,1231618509,01000000010000000000000000000000000000000000000000000000000000000000000000ffffffff0704ffff001d0173ffffffff0100f2052a01000000434104ea258025b3a5fa9352ab84951c1141affb5d7e0364ab18ed65d7f970b9af1cd7f9550cb69a016480d825e4e112ba9f16c717ec3a421c02155de4425a2066d208ac00000000
1,0000000046438b8d5beb6c9efc503dfec538927d2584d2447538276e687a5283,1231618848,01000000010000000000000000000000000000000000000000000000000000000000000000ffffffff0704ffff001d0174ffffffff0100f2052a0100000043410494a494a15a35b0fb7d69d03e1a0824d73933d57ca21236fdb4aa9412f19c4a5bf772b50a0544e743af767582523840eeee684aac0e21d5da4b6a41320564ac24ac00000000
1,00000000f093cf2c5865f2bb851d5fa65ff1794b02fea4b0d90ff451e6e5d1c0,1231619676,01000000010000000000000000000000000000000000000000000000000000000000000000ffffffff0704ffff001d017affffffff0100f2052a010000004341042f1c4a33266a8d0560b16a1ca35982ef0414ef30b268786de15c8c9836b91a612f5a043f026e3787bbb40952e4acd6a21d34285d939bfa6a23ba94b72de78247ac00000000
1,000000004ff375707d7128dd2b080da4185727d534ea1b0aeac5877e00547391,1231620564,01000000010000000000000000000000000000000000000000000000000000000000000000ffffffff0804ffff001d028200ffffffff0100f2052a0100000043410438a186480a0dba427b44e72dbcfa73c7c7597ad0facd2fce69aa6a227d8533bb2219f1a6d7b0e057f52f7075d1858f2a9f725cdde03dc22d9ea6db10f6274091ac00000000
1,0000000075b4df54f33c4e60cf88c5dd6a6455f16f4fbe220ae81e157ce32ef1,1231620928,01000000010000000000000000000000000000000000000000000000000000000000000000ffffffff0804ffff001d028300ffffffff0100f2052a010000004341047fcd0b4211b1c3cde62dcea8da192533f3fd1446734c221f5ff54904d28803eb77c16aeb9b1a0562e79d38b9ba281f9fc0a4c24d7d8d5af9d4c11b670dc61fc1ac00000000
1,000000000f7171e53e5f037b70ae6a30d2fa6c1a9e019aa3dae242180baea54a,1231621959,01000000010000000000000000000000000000000000000000000000000000000000000000ffffffff0804ffff001d028c00ffffffff0100f2052a010000004341049530a4ab6a53952c94488cada1f77631ed1d29d3b4c8597d8b68623f290f412752c087f2ec0fbda29dbb8496984ff6e1f8b0134da5b8011d34d9b3bfdf702e5bac00000000
1,00000000c47a58b89434bd7c7af8334b366f713330dfb89119d67d79424d2cdf,1231622445,01000000010000000000000000000000000000000000000000000000000000000000000000ffffffff0804ffff001d029200ffffffff0100f2052a010000004341042a988f492cef43f38089fc1a6f11ab07f3cd52ca3c0fb6850bc2d31b83dbc97c7575203691a5afe51fc36d287bff42506979e40ab61a758adafc51f746b2d6aeac00000000
1,000000002973d6cb9371b8db0fe6a16a98dfac07c0aa9207c1cfc967b35290c4,1231623224,01000000010000000000000000000000000000000000000000000000000000000000000000ffffffff0804ffff001d029400ffffffff0100f2052a010000004341043fcbb41d06811e2df06c70dbf78e63c6a4404c28a0c990a837ee54f6c09fe259182f4d18233399262a640ac8c2f8b58b354bcf57ea7bb2dfb6261ceb8ca908fcac00000000
1,0000000042fe934de30881dcecc5af1c80b5a083030e37d71806e7fc1e8ca02a,1231623880,01000000010000000000000000000000000000000000000000000000000000000000000000ffffffff0804ffff001d029f00ffffffff0100f2052a01000000434104480b0d9f662fa54744f9da98a4671b89290dd30a1c4aabd9fd276417f6671770dc0c3bddca76080bfd4fc37d85cf84260f06aaa8a15b141f2f98da4215dd9b59ac00000000
1,00000000ebff91c88984bff39511f544a1c4ef6ec4f33e2ea531e47c2685628e,1231624107,01000000010000000000000000000000000000000000000000000000000000000000000000ffffffff0704ffff001d0106ffffffff0100f2052a0100000043410419ba01c19d1c68af6bc780289ec1a5d4c181e81089f275325c6e1abc1c2f44c67d99ba9be5d3b9c0b903a8655b853c62717bb99924a1d9bf501d3f9f12b56dc5ac00000000
1,0000000031975f17c5642a9c7e53ae4201a70a6ba6363036b55497b8754d1866,1231624503,01000000010000000000000000000000000000000000000000000000000000000000000000ffffffff0804ffff001d02a100ffffffff0100f2052a01000000434104066687fe17381d3ea7490b084a2e9cab4ab37369089accc8b005cbea944789d1e34fcc418ed70c98936ae2c97cd8478bdc37264260421999b150573d1106d492ac00000000
1,00000000aae47d47b6ff5eda6abab09cd6720684b1368eac70ac4240b3c90250,1231625020,01000000010000000000000000000000000000000000000000000000000000000000000000ffffffff0804ffff001d02a700ffffffff0100f2052a01000000434104931ec0965431158d18f122abc012edfa87e83df07028d2d3bd71504de74cac5798608b8283278f885639030029b1e5215f4a087506be0455fc9ebb5fa2aadd0eac00000000
1,0000000063d334becd1f17db9b6ccf570805caeed92d37d3d67b48e3685e760d,1231626072,01000000010000000000000000000000000000000000000000000000000000000000000000ffffffff0804ffff001d02ad00ffffffff0100f2052a010000004341049977f4ef44b1c7c3854e52c3706c3a9614d7981ba3a7d4c7a168399c2ae324242c9b1e22e5ab8d0e8f732d56f353555e6c8ccb6116b1f46ff5fcc0298f9fadfdac00000000
1,00000000cd9c854b176413d6d344d6238426539fe1525b9a88a06e5d8a2df72b,1231626618,01000000010000000000000000000000000000000000000000000000000000000000000000ffffffff0804ffff001d02b400ffffffff0100f2052a01000000434104440de3fdefd849e2d4725cef4dccf25a7bd8b8dcc181edaf189391790a5cae414a08e75a76df0fc4ed2fb79dfba9fdc3026ceded3582a34a20fffcfa4fb12153ac00000000
1,00000000bfafa874eff9ea7ec32c26499bd2580718daa33fb5dd7710db2c814c,1231626979,01000000010000000000000000000000000000000000000000000000000000000000000000ffffffff0804ffff001d02b500ffffffff0100f2052a0100000043410443e7444ce6d177ed64331242f38feb451362b84f4ad5a0337b40022ade0fe1e5dbc923c6a5965fbf25a58561c5a28edec98d06e26c5c3c39000fe41a1325d004ac00000000
1,00000000ddaccd89104a83b0a28e1987a88d8f51829029cb7e18630e2575e939,1231627646,01000000010000000000000000000000000000000000000000000000000000000000000000ffffffff0804ffff001d02bc00ffffffff0100f2052a010000004341048bc631c0da8fa813d18cc2cbe89559054e135bdd4a590f3a25fc66ff642e2de7f18f5f398c6f00a12df74f5a82053bfcd4ccb55bd4f231d2ffee618e7267a1c2ac00000000
1,00000000ba63ae2eeb3d2371708291b90507c3317ef957f6fcba3811cc4fe0cc,1231628459,01000000010000000000000000000000000000000000000000000000000000000000000000ffffffff0804ffff001d02c600ffffffff0100f2052a0100000043410439fc9a6971cd37f858dca09e85506cddf42ceba231d3a53960bc8b6ca73d98c4785ff33a7c24f5de6a251381c87fdc104867df420495b7d93d39861cf5238c36ac00000000
1,000000007f7cbc93a93141bb69eb7fbfad9c4682cc328da097dbcb2b77bd1457,1231629194,01000000010000000000000000000000000000000000000000000000000000000000000000ffffffff0804ffff001d02c700ffffffff0100f2052a01000000434104d2b452aa16024f4eb306bfc304e7f1ff5a01c2f4953859ea6608a7ad5a7c3e5b238bc6310d3816f7b8851e06a3c218911a16c3eedf7d1db982b06dba8c399a34ac00000000
1,0000000082c0abb2875dc690a243dce6cbc856647b6422abbe82f97a3a7b127a,1231630288,01000000010000000000000000000000000000000000000000000000000000000000000000ffffffff0704ffff001d0101ffffffff0100f2052a010000004341041ff327e119b244f3c6140c13f94fdde6432fa02aebaac4a263859615080d0096a43d447affc1572e3391d762de5aa8aa650cda877b3bf42ecd157cfe49ad838aac00000000
1,000000008ec9525cb2092c6bd7d1c2580e595bcfa54bac51cf6f0278b242f25d,1231631189,01000000010000000000000000000000000000000000000000000000000000000000000000ffffffff0704ffff001d0103ffffffff0100f2052a010000004341044ec8b0fcf5304f08f97348130e5c12c89f2f1678b1599d7f78b033597944945362ca67001ad40afaac594d09cb25ef323ea1bea28ae01c392397a7c673206072ac00000000
1,00000000ec989ed4909499b92e9d3eb900d75dd1fab455315916e3d45924d456,1231631822,01000000010000000000000000000000000000000000000000000000000000000000000000ffffffff0704ffff001d0104ffffffff0100f2052a01000000434104a5f1b7ea48a8d5913bfc569b1b9e091d7fbbbb5cdb97af0442f40be158fa5af68417e4bde42dfa04326e38613d583aafb5edb675b19e32465e8454fdd4c64202ac00000000
1,00000000be64a31bc9c3c29ddfd5e45c81b6db279fee45b3a11cd7945109e54e,1231632554,01000000010000000000000000000000000000000000000000000000000000000000000000ffffffff0704ffff001d010bffffffff0100f2052a01000000434104737918981d5f4caa7efd6c11cccd696b4b588e823053ce202dbe1b2531f09150f885e32ff0af259d2bfa3f0ba573807addcc096375961f1490a50a860444204cac00000000
1,000000005a512245f8e901241ce422afbd6b6f4c2d4bb582b763118614d57858,1231633184,01000000010000000000000000000000000000000000000000000000000000000000000000ffffffff0704ffff001d010effffffff0100f2052a01000000434104c8e38a2d330ef2c1317df46c906ed13c462bf5f360f1e26b1427ea38bf8f4075c91742ae5a0658b5beffb512dcc00f661b4813e85f584708204db09e4f6bd9b6ac00000000
1,00000000e7d28ee0e6238bd21775a007d5c4987967d2e99a527572dd30fa06ef,1231635654,01000000010000000000000000000000000000000000000000000000000000000000000000ffffffff0704ffff001d010fffffffff0100f2052a01000000434104fd024595ebaa7a83bd672cd7d59e6eb42f0f04e7dc77a4f0634e45c2420d8a949cba06cde901f23d52cda564d494d172ba80281fa2d9c2a2e825e9c462be0da6ac00000000
1,00000000a2886c95400fd3b263b9920af80b118b28fee5d2a162a18e4d9d8b2f,1231645607,01000000010000000000000000000000000000000000000000000000000000000000000000ffffffff0704ffff001d0103ffffffff0100f2052a010000004341045180728bae477149c556f55987b95b926a0da0f542adf2e8f4f811cd929b8e5c73b92ac9f454a2bfc7b1463be7f553b9e7ba26f7229d513241ff3b5cdf6b72bbac00000000
1,0000000086e318e8c348dad73199bb6fac8cc1effb9c872a7dda49c5caca0021,1231646077,01000000010000000000000000000000000000000000000000000000000000000000000000ffffffff0704ffff001d0104ffffffff0100f2052a01000000434104e869b280ddc2eb25995d46264e9b94d99214f0c3c3eec3b285c54bba7658edce94a3dca09c2206ec7a81aa1aef82bbf43c548f19731c37744c2bd97742e84173ac00000000
1,00000000be62325a98e47d3306f275efe45d39d8cd5df28c795c96b8920ad48f,1231646456,01000000010000000000000000000000000000000000000000000000000000000000000000ffffffff0704ffff001d0105ffffffff0100f2052a01000000434104f0d742c83392ae7f885fca7739a1681df9039d9930f4eede9fef7b7c85fb191fad43e584345e8b872c84260b39c2e192512ead631083be327a6825fa0ba561e5ac00000000
1,000000007d076a5289751e363ecb01604355730e69de270f04f79d969ff1cf86,1231647491,01000000010000000000000000000000000000000000000000000000000000000000000000ffffffff0704ffff001d010bffffffff0100f2052a01000000434104916315e2bfc2affe420b84b949e53134d996af10a6f6e6a4ffb0158d00ba7433ead8bdd024517e2ec650965ffdf8f6eaf2a5046c0889b3532206f65be6e76a95ac00000000
1,00000000162222fadd114245e16d25f6d02acbf67865575dc6f64b57634b5153,1231648583,01000000010000000000000000000000000000000000000000000000000000000000000000ffffffff0704ffff001d0110ffffffff0100f2052a0100000043410426f1f79f707063f225a9d48097d0fe6923afb3f8c210b536c93b8465e8a5d937a90806c0e2861b92a91d050f81c61e837e638aecd53584205bfd521bc9a14aa6ac00000000
1,00000000ca15c30122dc65c33e8ec1f7ff2631ef9e2a1c36d8a399ca1705122b,1231649497,01000000010000000000000000000000000000000000000000000000000000000000000000ffffffff0704ffff001d0115ffffffff0100f2052a01000000434104e761595b66d7c108dcec83722a23a24ce0b2cf3f8f5db4fb483b62a36a96e5ad93698cd2006cbca41b4294af51fb61c13202eb9a871c86f8ce3479eccda1fa45ac00000000
1,0000000095f5ee67aaade1dfa150b7ae38b3ff068936c9c95a7bb114b6ce8d4f,1231650483,01000000010000000000000000000000000000000000000000000000000000000000000000ffffffff0704ffff001d0119ffffffff0100f2052a0100000043410433b8523d01fa02c9ff12b73bb4e6dcb4dac725e0853d119cf13d791e202b4e30dcb6da12d3627d638ff9ff225b6d7667ee7d2a36e5e140634772b6da6041479cac00000000
1,00000000219949b3de1eae5447c00501812757885e65554fe5c51039ebe643d1,1231650986,01000000010000000000000000000000000000000000000000000000000000000000000000ffffffff0704ffff001d011affffffff0100f2052a01000000434104d5897fd3690b923198285547881b89ea914fda24d5ea71db9742244a4b047b2d9a57d24c49067438491eef34585f2c6178bfb45c677afe7034e7b4ae5b603132ac00000000
1,00000000f1b3a6b39671e475b858bc6831db3ca57e8ecafa49a13c4d5b04fb53,1231651888,01000000010000000000000000000000000000000000000000000000000000000000000000ffffffff0704ffff001d0120ffffffff0100f2052a01000000434104212f1e2bc4abbef7682da4e136de7f8cfb6e49cf21eccfed72046ec0ae5f034a282db6ba0391205055aee425ba21e033c94441227eb86cd9f13a93c330afd563ac00000000
1,00000000a31b3785f0adc10975a4e3e356d133365c0aeab6e42240e17ac2e63c,1231652408,01000000010000000000000000000000000000000000000000000000000000000000000000ffffffff0704ffff001d0121ffffffff0100f2052a01000000434104db2bfc4aee47f0b45ae88bc76431940aa2547ef7ba34e4bf176f7cd37a3713e56a21ebece2a105df52bd6b4d213aaa8c7bb7c6556bff3e2a9d43e4658d5e3af2ac00000000
1,0000000011fd31ceefda804321c8e00d9870c15a5395f361f3b0c6908eb7d04b,1231653209,01000000010000000000000000000000000000000000000000000000000000000000000000ffffffff0704ffff001d0122ffffffff0100f2052a0100000043410476a73b9d3afd848cbe8c99a0b1cca07ad5117d8ade5a314ce7739f0a189a0be77406d13cb6c92fe6d9b69c2fa338136938af9e930db3146fee39c5464a6707e3ac00000000
1,0000000076d9ec583c757b8911406afe4d021aed0e5f30c16e65c82a71af32c2,1231653550,01000000010000000000000000000000000000000000000000000000000000000000000000ffffffff0704ffff001d0123ffffffff0100f2052a01000000434104580bf58d578798b7ac68e19e933ffe544045b43b05ec4b2a40b5da5371664bd88bd008ce766a37607ea34b29b18e2a6a0bd1c47d025eeddf6afd88a193cacdacac00000000
1,00000000f365aa200968bb9808c3566d7d2465b4b3c93aa8a3cb9079f32cbb2f,1231654229,01000000010000000000000000000000000000000000000000000000000000000000000000ffffffff0704ffff001d012affffffff0100f2052a01000000434104a48c81c934bd903ab347c7fb03d624c75305cf1e78e66c09f334e1617b52484ea130bceaae53ffd13804b5d188d4f590a469d1e878ad151e1f4fa6e07aeac505ac00000000
1,000000006e55c92b2a940de67b1314e150f0c72d0468c625f4f267fa30b8c1b1,1231654561,01000000010000000000000000000000000000000000000000000000000000000000000000ffffffff0704ffff001d012fffffffff0100f2052a01000000434104ad6f8b8c71859ab32eb863c88f33a9c6d621639cb1b6094ee61c7a8bdfa2fd7070c620d8f0f99e98b090ce932a7ea8d7595eadd0d80ce966c52bece59b96c88fac00000000
1,0000000009d40c0a46d368c2780dfcb0375b0fee9f0d8ad87b325ec8e451e1d2,1231655037,01000000010000000000000000000000000000000000000000000000000000000000000000ffffffff0704ffff001d0130ffffffff0100f2052a01000000434104cd2f49d4c04cb91fed784dc604f8021ed3ff52a56ffefbff5e6f843079cf34a37d47a5c0c86a98e3a52f2ac8eaef2baa5975620b6bf097ca9d4db5abdec58715ac00000000
1,0000000069babcb34cc43c80e1c43d423a70821c740193a8265d3edc204ce4f0,1231655581,01000000010000000000000000000000000000000000000000000000000000000000000000ffffffff0704ffff001d0132ffffffff0100f2052a01000000434104c50039dc8f8f4878f3d56d88befef5d7a1a1baebac823518dbbd06d36accfa7f28486ea8f6af26a18b3ab415273e1000ea213c53a82f78767347f1a72e69fd66ac00000000
1,000000001fa8db1f15a9abd900cce0df7823a8397f2728b1d275e8fe0c0d2df0,1231656204,01000000010000000000000000000000000000000000000000000000000000000000000000ffffffff0704ffff001d0137ffffffff0100f2052a01000000434104c00009ba97102d1bd4703d13d0ebcb0743a54e9b14f5ee4190dd96ad7c4beffa61ed95ab3f60187ce8c619843a088df19781fd24f92aa90a2464f02689de4e2eac00000000
1,0000000021a406d58deeb398942e3c6cf956295fc11b192935c453c7d80be1ca,1231657185,01000000010000000000000000000000000000000000000000000000000000000000000000ffffffff0704ffff001d013affffffff0100f2052a0100000043410466997c6a5c2d1a61b07dccc317f31f1846c4054b9b8d3623a325358cd120ac6b60cbd6b1fe70102d293732401b7ad20d125de6371905fde9f2c7fbcb4c049125ac00000000
1,00000000c21b38cebff4901eb0b6f4265b0adea665d8b63b5e3949e0bb923f06,1231658068,01000000010000000000000000000000000000000000000000000000000000000000000000ffffffff0704ffff001d013effffffff0100f2052a0100000043410418b81a849bb96e40b9317cb8daf633cc8994a42b2e7a5d59fe61a4c106fadc1bcf20894b144498742007fbde4736affc2eab2fc26697aa285468e3e62138b1b2ac00000000
1,000000000ecab80b1bee41b0bff9514502d7d8c62bb842655da7b30008c891cc,1231659133,01000000010000000000000000000000000000000000000000000000000000000000000000ffffffff0704ffff001d0143ffffffff0100f2052a01000000434104be296437b546e1c6e70d2f98552c93adf000d2a6cb2bafd17aed5a0c7c52eb04293901c380a8c64417a127963984a6be2e501fb75d2d111eb0e6deffc09f9163ac00000000
1,00000000a8ed5e960dccdf309f2ee2132badcc9247755c32a4b7081422d51899,1231660146,01000000010000000000000000000000000000000000000000000000000000000000000000ffffffff0704ffff001d0145ffffffff0100f2052a01000000434104c6b866deb67d6f20d7030817e1afa3c57ab94ffa1b3b39d365fa047aa518868697376dec5a78d497965af57cd27af63362c2df85e7823a0144e06a37851e072eac00000000
